operator_id,total_calls,missed_rate_row,mean_wait,outgoing_calls,ineff_score,priority
952466.0,134,0.75,546.75,4,0.8788461538461538,HIGH
928518.0,337,0.5714285714285714,1106.5714285714287,7,0.858470695970696,HIGH
938080.0,742,0.5555555555555556,1876.2222222222222,9,0.8583333333333334,HIGH
937650.0,91,0.8333333333333334,277.1666666666667,6,0.850412087912088,MEDIUM
965544.0,1277,0.5384615384615384,1928.3846153846155,13,0.8410714285714286,MEDIUM
896386.0,76,0.5,925.0,2,0.8383699633699634,MEDIUM
938078.0,856,0.5384615384615384,1566.3076923076924,13,0.8375,MEDIUM
919188.0,864,0.5384615384615384,1453.4615384615386,13,0.8361263736263737,MEDIUM
953458.0,61,0.7142857142857143,170.71428571428572,7,0.821062271062271,MEDIUM
938070.0,671,0.5,1745.25,8,0.8196886446886447,MEDIUM
945728.0,117,0.7272727272727273,220.8181818181818,11,0.8184981684981685,MEDIUM
928228.0,69,0.6666666666666666,159.83333333333334,6,0.8181318681318681,MEDIUM
951648.0,161,0.5,728.75,4,0.8171245421245421,MEDIUM
921574.0,1778,0.5384615384615384,1557.2307692307693,26,0.8154304029304029,MEDIUM
919362.0,2546,0.5483870967741935,1999.7096774193549,31,0.8151556776556776,HIGH
919382.0,1827,0.5555555555555556,1259.148148148148,27,0.8148351648351648,HIGH
919306.0,1664,0.5517241379310345,1323.7586206896551,29,0.8137362637362637,HIGH
919162.0,2933,0.5454545454545454,1929.3636363636363,33,0.8108516483516484,HIGH
919314.0,2794,0.5454545454545454,1898.2121212121212,33,0.8103021978021978,HIGH
919200.0,1297,0.5555555555555556,1048.5555555555557,27,0.8101648351648352,HIGH
919390.0,831,0.5294117647058824,857.7058823529412,17,0.8101648351648352,MEDIUM
919476.0,2105,0.5483870967741935,1463.3548387096773,31,0.8099358974358974,HIGH
919192.0,2233,0.5588235294117647,1314.1470588235295,34,0.8086080586080586,HIGH
896390.0,97,0.6,197.1,10,0.806639194139194,MEDIUM
919504.0,2214,0.5185185185185185,1882.888888888889,27,0.8052655677655678,MEDIUM
932498.0,342,0.5555555555555556,396.3888888888889,17,0.8041208791208792,HIGH
919482.0,1549,0.52,1309.2,25,0.8035256410256411,MEDIUM
941390.0,377,0.5,732.125,7,0.8031135531135531,MEDIUM
952458.0,1738,0.65,874.2,40,0.802014652014652,HIGH
921592.0,1805,0.5185185185185185,1509.7407407407406,27,0.8019688644688644,MEDIUM
972410.0,77,0.5,374.5,4,0.8011904761904762,LOW
953462.0,761,0.6764705882352942,394.1470588235294,34,0.7995421245421246,MEDIUM
919302.0,2528,0.5277777777777778,1835.0277777777778,36,0.7981684981684982,MEDIUM
919364.0,5096,0.5348837209302325,2841.4651162790697,43,0.7960622710622711,MEDIUM
965542.0,776,0.5,1280.357142857143,14,0.7956043956043956,MEDIUM
919906.0,1710,0.5641025641025641,1021.1025641025641,39,0.7947802197802198,HIGH
921584.0,1346,0.5333333333333333,880.7,30,0.7926739926739927,MEDIUM
945894.0,1506,0.5,1499.1666666666667,18,0.7924908424908425,MEDIUM
952468.0,1184,0.6585365853658537,512.7317073170732,41,0.7912087912087913,MEDIUM
919378.0,1227,0.5,1385.111111111111,18,0.7908424908424908,MEDIUM
919318.0,1846,0.5161290322580645,1162.0645161290322,31,0.7871794871794872,MEDIUM
920414.0,1266,0.5,1264.35,20,0.7844322344322344,MEDIUM
945288.0,2260,0.5263157894736842,1110.2631578947369,38,0.7836080586080586,MEDIUM
923666.0,2074,0.5263157894736842,1094.078947368421,38,0.783058608058608,MEDIUM
945278.0,4314,0.5208333333333334,2858.4791666666665,48,0.7801282051282051,MEDIUM
922710.0,1784,0.5,1431.576923076923,26,0.7789377289377288,MEDIUM
945294.0,3434,0.5121951219512195,1610.341463414634,41,0.7782967032967033,MEDIUM
902776.0,1824,0.5714285714285714,805.5510204081633,49,0.7775183150183149,HIGH
919194.0,1565,0.5365853658536586,842.5365853658536,41,0.7771062271062272,MEDIUM
910530.0,1077,0.5172413793103449,610.6206896551724,29,0.777106227106227,MEDIUM
919370.0,1324,0.5,1208.5833333333333,24,0.777106227106227,MEDIUM
945318.0,1998,0.5142857142857142,1060.8285714285714,35,0.7766941391941392,MEDIUM
919198.0,1113,0.5,1006.2727272727273,22,0.7743589743589744,MEDIUM
902748.0,2831,0.5846153846153846,941.8,65,0.772985347985348,HIGH
909502.0,865,0.55,444.125,40,0.7710164835164836,HIGH
945284.0,2210,0.5227272727272727,915.4772727272727,44,0.7691391941391942,MEDIUM
952114.0,692,0.5,547.7,19,0.7690476190476191,MEDIUM
945904.0,4080,0.5,2128.657894736842,38,0.7681318681318682,MEDIUM
902774.0,1126,0.5862068965517241,482.7068965517241,58,0.7641941391941393,HIGH
902746.0,2748,0.6097560975609756,662.4146341463414,82,0.7621794871794872,HIGH
945286.0,7919,0.5211267605633803,2185.774647887324,71,0.7616300366300367,MEDIUM
902744.0,3457,0.6206896551724138,659.6321839080459,87,0.7597069597069598,HIGH
929426.0,12041,0.5147058823529411,3316.5588235294117,68,0.7595695970695971,MEDIUM
902782.0,1473,0.582089552238806,524.1492537313433,67,0.7590659340659341,HIGH
902778.0,1327,0.5660377358490566,428.9622641509434,53,0.7583333333333333,MEDIUM
921594.0,1145,0.47368421052631576,1223.0526315789473,19,0.7577838827838829,MEDIUM
899968.0,407,0.5454545454545454,242.75757575757575,33,0.7572802197802198,HIGH
938074.0,664,0.45454545454545453,1276.5454545454545,11,0.7562271062271062,MEDIUM
919372.0,1627,0.48148148148148145,1447.7777777777778,27,0.755540293040293,MEDIUM
921596.0,1502,0.48,1306.24,25,0.7553571428571428,MEDIUM
952460.0,199,0.5925925925925926,135.62962962962962,27,0.7545787545787546,MEDIUM
945308.0,1761,0.5,922.3333333333334,36,0.7534798534798535,MEDIUM
969386.0,55,0.5555555555555556,78.22222222222223,9,0.7528388278388278,MEDIUM
945304.0,2918,0.5,1285.0,44,0.7518315018315018,MEDIUM
919376.0,1415,0.48,1139.36,25,0.7517857142857143,MEDIUM
965540.0,919,0.47619047619047616,1053.904761904762,21,0.7517399267399268,MEDIUM
933244.0,86,0.5,157.4,8,0.7501831501831502,MEDIUM
945900.0,4817,0.5,1810.42,50,0.7488095238095237,MEDIUM
899964.0,470,0.5151515151515151,286.6363636363636,33,0.7476190476190476,HIGH
919196.0,2896,0.4864864864864865,1643.4054054054054,37,0.7476190476190476,MEDIUM
945320.0,2605,0.5,1092.5454545454545,44,0.7471611721611722,MEDIUM
945316.0,2751,0.5230769230769231,830.123076923077,65,0.746978021978022,MEDIUM
938072.0,494,0.4444444444444444,1017.8888888888889,9,0.7465201465201465,MEDIUM
945314.0,1861,0.5245901639344263,653.8852459016393,61,0.7458791208791208,MEDIUM
965538.0,548,0.4666666666666667,709.7333333333333,15,0.7457875457875457,MEDIUM
919456.0,1517,0.4827586206896552,1043.5172413793102,29,0.7448717948717949,MEDIUM
937372.0,1282,0.48,850.24,25,0.7438186813186813,MEDIUM
964716.0,326,0.55,114.45,20,0.7436355311355312,MEDIUM
899788.0,655,0.5238095238095238,298.8095238095238,42,0.7435897435897436,HIGH
899790.0,731,0.5,466.29411764705884,34,0.741941391941392,MEDIUM
945280.0,2538,0.5,1018.0217391304348,46,0.7413003663003662,MEDIUM
899932.0,779,0.5319148936170213,309.29787234042556,47,0.741117216117216,HIGH
954642.0,417,0.47058823529411764,503.4117647058824,17,0.740934065934066,MEDIUM
945324.0,2254,0.5,1131.7,50,0.7391941391941391,MEDIUM
929428.0,24572,0.5,5325.342857142857,70,0.7387362637362638,MEDIUM
919310.0,2569,0.5,1123.84,50,0.7386446886446886,MEDIUM
952116.0,354,0.4444444444444444,635.3333333333334,9,0.736904761904762,MEDIUM
934426.0,222,0.4,1062.2,5,0.7330586080586081,MEDIUM
910524.0,85,0.5,127.4,10,0.7314102564102564,MEDIUM
919910.0,377,0.5,267.25,28,0.7312271062271062,HIGH
919202.0,2853,0.47619047619047616,1445.1190476190477,42,0.7308608058608059,MEDIUM
919128.0,388,0.4444444444444444,455.44444444444446,9,0.7303113553113554,LOW
919464.0,1296,0.46153846153846156,997.1923076923077,26,0.7293956043956044,MEDIUM
967310.0,59,0.5333333333333333,77.73333333333333,14,0.729029304029304,MEDIUM
945290.0,3943,0.5,1303.1756756756756,74,0.7265567765567765,MEDIUM
919206.0,1000,0.391304347826087,345.9130434782609,1,0.7258241758241758,LOW
919374.0,2214,0.45161290322580644,1719.0967741935483,31,0.7256410256410255,MEDIUM
945902.0,3310,0.4772727272727273,1255.2272727272727,44,0.7252747252747254,MEDIUM
920416.0,1697,0.4666666666666667,814.0,30,0.7239926739926739,MEDIUM
945296.0,2821,0.5061728395061729,649.2716049382716,81,0.7231684981684982,MEDIUM
939470.0,748,0.4666666666666667,454.26666666666665,23,0.7228021978021977,LOW
945282.0,2582,0.5,802.4333333333333,60,0.721978021978022,MEDIUM
960294.0,297,0.4666666666666667,271.46666666666664,14,0.721062271062271,MEDIUM
947592.0,910,0.48484848484848486,416.0,33,0.720467032967033,MEDIUM
906866.0,655,0.4827586206896552,360.7241379310345,29,0.7204212454212454,MEDIUM
899972.0,195,0.5714285714285714,94.6,35,0.7199175824175824,MEDIUM
919490.0,1803,0.4444444444444444,1308.0,27,0.7195054945054944,MEDIUM
945322.0,5015,0.4925373134328358,1581.2686567164178,67,0.7191391941391941,MEDIUM
945310.0,3580,0.46938775510204084,1606.7755102040817,49,0.7191391941391941,MEDIUM
900180.0,1904,0.5575221238938053,307.53097345132744,110,0.719139194139194,HIGH
947648.0,3071,0.46511627906976744,1305.1162790697674,43,0.7176282051282051,MEDIUM
893674.0,2701,0.5108695652173914,556.554347826087,92,0.7173992673992674,MEDIUM
952392.0,1557,0.4888888888888889,694.8888888888889,45,0.7173992673992673,MEDIUM
960672.0,278,0.5,163.29166666666666,24,0.7172161172161171,MEDIUM
891252.0,98,0.5333333333333333,64.0,15,0.7161172161172161,MEDIUM
902742.0,1232,0.5142857142857142,357.8142857142857,70,0.7159798534798535,HIGH
947604.0,976,0.5,377.1,49,0.715018315018315,MEDIUM
892028.0,1554,0.5070422535211268,392.3380281690141,71,0.7145604395604396,MEDIUM
947654.0,2619,0.46808510638297873,1243.8510638297873,47,0.7142399267399268,MEDIUM
945302.0,7059,0.4878048780487805,1889.9146341463415,82,0.7129120879120879,MEDIUM
908640.0,16699,0.46153846153846156,3456.4615384615386,52,0.7108974358974359,MEDIUM
932050.0,145,0.46153846153846156,202.6153846153846,13,0.7080586080586081,LOW
915558.0,161,0.52,83.76,25,0.7079212454212453,MEDIUM
941628.0,148,0.45454545454545453,191.1818181818182,10,0.7067765567765568,LOW
938414.0,146,0.5161290322580645,79.51612903225806,22,0.7060439560439561,MEDIUM
947658.0,2855,0.47058823529411764,1020.2352941176471,51,0.7052197802197803,MEDIUM
886146.0,52,0.5263157894736842,60.73684210526316,18,0.7035714285714286,MEDIUM
947640.0,538,0.48484848484848486,260.2121212121212,33,0.7028846153846153,LOW
914052.0,1468,0.5217391304347826,268.5869565217391,92,0.7026556776556777,HIGH
945298.0,1600,0.48,611.04,50,0.701602564102564,MEDIUM
947636.0,109,0.45454545454545453,181.1818181818182,11,0.7007326007326008,MEDIUM
915614.0,78,0.6,43.65,19,0.696474358974359,MEDIUM
919126.0,291,0.45,274.05,20,0.6950549450549451,MEDIUM
972412.0,61,0.4,210.0,4,0.6939560439560439,LOW
947646.0,1984,0.43243243243243246,1131.6756756756756,37,0.6934523809523809,MEDIUM
883940.0,694,0.46511627906976744,295.3720930232558,36,0.6876831501831502,MEDIUM
947620.0,1277,0.47058823529411764,427.15686274509807,51,0.6868131868131868,MEDIUM
947650.0,1791,0.46,688.68,50,0.6863553113553112,MEDIUM
890420.0,746,0.5280898876404494,154.92134831460675,89,0.685989010989011,HIGH
941192.0,1239,0.4827586206896552,376.58620689655174,58,0.6851648351648352,MEDIUM
932502.0,761,0.4444444444444444,397.75,31,0.6848901098901099,MEDIUM
933070.0,849,0.375,849.5,10,0.684569597069597,MEDIUM
905432.0,971,0.43243243243243246,513.0,31,0.684478021978022,MEDIUM
947618.0,1134,0.45,469.7,40,0.683974358974359,MEDIUM
938842.0,113,0.4666666666666667,125.2,15,0.6836996336996337,MEDIUM
939476.0,931,0.43902439024390244,460.219512195122,33,0.6828754578754579,MEDIUM
922142.0,792,0.5309734513274337,165.55752212389382,113,0.6825091575091574,HIGH
925922.0,22210,0.4177215189873418,5907.443037974684,50,0.6814102564102563,MEDIUM
917234.0,1225,0.484375,327.03125,59,0.6796703296703296,MEDIUM
940614.0,719,0.41935483870967744,332.741935483871,20,0.6790293040293041,LOW
902608.0,233,0.43478260869565216,209.47826086956522,17,0.6783424908424909,MEDIUM
950972.0,897,0.391304347826087,856.0,19,0.6782967032967033,MEDIUM
947616.0,2151,0.45098039215686275,699.6862745098039,51,0.6773809523809523,MEDIUM
930912.0,246,0.45,177.1,20,0.676923076923077,LOW
964666.0,920,0.375,890.0,14,0.6759615384615384,MEDIUM
945312.0,2519,0.44642857142857145,899.3571428571429,56,0.6746336996336996,MEDIUM
947652.0,575,0.4444444444444444,349.5833333333333,36,0.672985347985348,MEDIUM
947614.0,995,0.45,328.575,40,0.6707875457875458,MEDIUM
884478.0,2361,0.4731182795698925,400.4731182795699,79,0.6702380952380953,MEDIUM
947638.0,1344,0.4489795918367347,414.16326530612247,48,0.6679487179487179,MEDIUM
930914.0,329,0.5161290322580645,99.35483870967742,62,0.6676739926739926,MEDIUM
952948.0,5423,0.4954128440366973,224.70642201834863,72,0.6630952380952382,LOW
891170.0,219,0.5,92.11363636363636,44,0.6617216117216118,MEDIUM
933806.0,391,0.4897959183673469,147.9795918367347,49,0.660989010989011,MEDIUM
890422.0,487,0.5,134.83333333333334,66,0.6605311355311355,MEDIUM
914050.0,438,0.46296296296296297,189.77777777777777,44,0.6599816849816851,MEDIUM
890410.0,1369,0.5121951219512195,149.07926829268294,161,0.6590659340659341,HIGH
940622.0,1544,0.421875,313.390625,32,0.6587912087912088,LOW
905842.0,1253,0.5147058823529411,133.88970588235293,134,0.6581959706959707,HIGH
884946.0,2042,0.45652173913043476,482.30434782608694,85,0.6579212454212454,MEDIUM
898414.0,91,0.375,150.625,4,0.655448717948718,LOW
947644.0,470,0.46808510638297873,165.80851063829786,47,0.6551739926739927,MEDIUM
936382.0,485,0.45652173913043476,180.3913043478261,45,0.6514194139194139,HIGH
933810.0,108,0.4444444444444444,109.77777777777777,18,0.6490842490842491,MEDIUM
969272.0,466,0.4117647058823529,185.55882352941177,24,0.6488553113553113,MEDIUM
939684.0,161,0.5111111111111111,48.888888888888886,34,0.6484432234432235,MEDIUM
947642.0,969,0.41304347826086957,407.8695652173913,45,0.6481684981684982,LOW
932500.0,1198,0.4230769230769231,352.8076923076923,45,0.6465201465201464,MEDIUM
907174.0,2873,0.4645669291338583,365.0551181102362,118,0.6449633699633699,MEDIUM
885876.0,66049,0.4231974921630094,4816.241379310345,216,0.6433150183150182,MEDIUM
940596.0,490,0.35294117647058826,545.7647058823529,16,0.6431776556776557,MEDIUM
961064.0,928,0.34782608695652173,814.8260869565217,16,0.6431318681318682,MEDIUM
904016.0,5175,0.4375,774.9609375,101,0.6419871794871794,MEDIUM
958478.0,329,0.4,201.83333333333334,25,0.6395604395604395,MEDIUM
906070.0,450,0.38095238095238093,347.95238095238096,26,0.6375,MEDIUM
938022.0,280,0.35294117647058826,316.29411764705884,11,0.636492673992674,LOW
926486.0,2626,0.43859649122807015,517.6315789473684,101,0.6363553113553113,MEDIUM
947598.0,492,0.44680851063829785,174.04255319148936,47,0.6358974358974359,HIGH
948756.0,176,0.48148148148148145,56.888888888888886,26,0.6344780219780219,MEDIUM
943050.0,85,0.3333333333333333,252.33333333333334,3,0.6336538461538461,LOW
898906.0,147,0.35714285714285715,194.57142857142858,9,0.6320970695970696,LOW
958416.0,325,0.45,99.175,30,0.6319597069597069,MEDIUM
914240.0,56,0.4,100.9,10,0.6315934065934066,MEDIUM
930586.0,230,0.49056603773584906,87.11320754716981,53,0.6303113553113553,MEDIUM
954650.0,1476,0.410958904109589,336.32876712328766,52,0.6293040293040293,MEDIUM
937156.0,67,0.47619047619047616,49.57142857142857,21,0.625915750915751,MEDIUM
896382.0,437,0.37142857142857144,254.22857142857143,21,0.6256868131868132,LOW
929544.0,66,0.46153846153846156,48.23076923076923,13,0.6256410256410256,MEDIUM
968150.0,104,0.4,102.6,13,0.6250915750915751,MEDIUM
948758.0,676,0.4339622641509434,154.35849056603774,44,0.6249084249084249,MEDIUM
882690.0,1766,0.37681159420289856,591.0,45,0.6239926739926739,MEDIUM
904202.0,255,0.39285714285714285,154.0,21,0.6232600732600733,MEDIUM
885890.0,66016,0.3971119133574007,5727.13357400722,174,0.6228937728937729,MEDIUM
939738.0,692,0.4696969696969697,121.10606060606061,66,0.6225274725274725,MEDIUM
928312.0,1975,0.44554455445544555,231.9108910891089,86,0.6206043956043956,MEDIUM
921318.0,5349,0.41566265060240964,479.2590361445783,106,0.6197802197802198,MEDIUM
913942.0,3109,0.4068965517241379,279.49655172413793,55,0.6195054945054944,MEDIUM
897030.0,82,0.45454545454545453,52.0,17,0.6173992673992674,MEDIUM
940634.0,2234,0.3684210526315789,501.0921052631579,40,0.6168498168498169,MEDIUM
947304.0,827,0.45569620253164556,122.13924050632912,56,0.616025641025641,MEDIUM
887282.0,2452,0.4322033898305085,299.8898305084746,97,0.61510989010989,MEDIUM
890416.0,1380,0.4675324675324675,164.16883116883116,154,0.6149267399267399,HIGH
958468.0,537,0.4,182.24444444444444,39,0.6143772893772894,MEDIUM
905430.0,949,0.375,319.5892857142857,37,0.6140567765567766,MEDIUM
919218.0,325,0.4166666666666667,126.95833333333333,38,0.610989010989011,MEDIUM
919204.0,1318,0.32,420.72,7,0.6104395604395605,LOW
906392.0,80,0.5945945945945946,23.216216216216218,29,0.6099816849816849,MEDIUM
950444.0,95,0.4666666666666667,50.733333333333334,30,0.608058608058608,MEDIUM
958480.0,176,0.3333333333333333,260.22222222222223,9,0.6061813186813187,LOW
940616.0,3336,0.36904761904761907,635.3571428571429,51,0.606043956043956,MEDIUM
945052.0,96,0.43478260869565216,50.21739130434783,13,0.6059981684981685,MEDIUM
901992.0,830,0.35555555555555557,390.8666666666667,37,0.6044871794871796,MEDIUM
902720.0,2722,0.4057971014492754,356.28985507246375,102,0.6038003663003662,MEDIUM
891162.0,114,0.48717948717948717,46.743589743589745,39,0.6024725274725274,MEDIUM
939886.0,311,0.4583333333333333,70.79166666666667,48,0.6018315018315018,MEDIUM
894656.0,3416,0.4444444444444444,204.7469135802469,147,0.6015567765567765,MEDIUM
964510.0,159,0.4074074074074074,66.55555555555556,20,0.5998626373626373,MEDIUM
922476.0,207,0.4782608695652174,54.67391304347826,46,0.5998168498168498,MEDIUM
880026.0,2439,0.47474747474747475,121.17171717171718,179,0.5997252747252747,MEDIUM
953464.0,463,0.39215686274509803,128.64705882352942,30,0.599496336996337,MEDIUM
939224.0,1551,0.4,226.825,63,0.5986263736263736,MEDIUM
904014.0,1475,0.38666666666666666,332.3066666666667,61,0.5983058608058608,MEDIUM
969294.0,98,0.36363636363636365,80.9090909090909,7,0.5964285714285714,LOW
919164.0,733,0.3333333333333333,192.54166666666666,9,0.5962912087912088,LOW
958418.0,506,0.425531914893617,97.06382978723404,42,0.595970695970696,MEDIUM
937874.0,172,0.3333333333333333,240.05555555555554,11,0.5957417582417582,LOW
939474.0,820,0.391304347826087,191.2753623188406,47,0.595054945054945,HIGH
960296.0,203,0.3333333333333333,205.5,10,0.5949175824175824,LOW
931458.0,4690,0.37748344370860926,531.0993377483444,96,0.5910256410256409,MEDIUM
947600.0,321,0.3783783783783784,149.27027027027026,37,0.5880952380952381,MEDIUM
879898.0,7974,0.398406374501992,450.0876494023904,187,0.586996336996337,MEDIUM
920146.0,90,0.5405405405405406,24.027027027027028,37,0.586996336996337,MEDIUM
939222.0,980,0.39080459770114945,242.367816091954,65,0.586996336996337,HIGH
962658.0,747,0.3968253968253968,137.76190476190476,47,0.583562271062271,MEDIUM
905844.0,1146,0.4264705882352941,172.65441176470588,120,0.5833333333333333,HIGH
940652.0,1382,0.3333333333333333,395.3859649122807,29,0.5832875457875457,LOW
924934.0,626,0.45454545454545453,102.9,107,0.5829670329670329,MEDIUM
891410.0,3773,0.4517241379310345,129.10344827586206,211,0.5823260073260073,MEDIUM
945046.0,105,0.34782608695652173,81.65217391304348,8,0.5810439560439561,MEDIUM
952914.0,705,0.36363636363636365,179.12727272727273,37,0.5803113553113554,LOW
930020.0,691,0.42592592592592593,126.18518518518519,77,0.5802197802197803,MEDIUM
938896.0,3617,0.37333333333333335,395.53333333333336,95,0.5775641025641025,MEDIUM
940658.0,2789,0.35106382978723405,363.9574468085106,51,0.5771978021978023,MEDIUM
937902.0,1216,0.3711340206185567,284.4020618556701,66,0.5767399267399268,HIGH
935264.0,70,0.3333333333333333,118.77777777777777,7,0.5759615384615384,LOW
939218.0,388,0.3968253968253968,140.3015873015873,54,0.5759615384615384,MEDIUM
930590.0,68,0.42857142857142855,50.07142857142857,28,0.5759157509157509,MEDIUM
902510.0,2117,0.3816793893129771,339.6641221374046,103,0.5758241758241758,MEDIUM
884408.0,66,0.37037037037037035,62.44444444444444,11,0.5753205128205128,MEDIUM
893804.0,6570,0.4,269.08923076923077,209,0.575091575091575,MEDIUM
880028.0,2906,0.4026548672566372,210.5929203539823,181,0.573992673992674,HIGH
926312.0,140,0.40384615384615385,76.92307692307692,43,0.5727106227106227,MEDIUM
960648.0,112,0.36,84.64,17,0.5714285714285715,MEDIUM
940952.0,274,0.35294117647058826,101.47058823529412,19,0.5708333333333333,MEDIUM
890412.0,1373,0.42857142857142855,135.74404761904762,159,0.5707875457875458,HIGH
891414.0,3374,0.4548736462093863,92.81227436823104,212,0.5702380952380952,MEDIUM
921818.0,4310,0.39069767441860465,274.6139534883721,139,0.5695970695970696,MEDIUM
895776.0,264,0.4074074074074074,69.0,44,0.5689102564102564,MEDIUM
918978.0,2129,0.3819444444444444,230.52777777777777,99,0.5654761904761905,MEDIUM
939762.0,2980,0.36619718309859156,350.27464788732397,95,0.5648351648351648,MEDIUM
937736.0,1589,0.3469387755102041,353.3979591836735,62,0.5645604395604396,MEDIUM
968338.0,275,0.3181818181818182,226.72727272727272,15,0.5639194139194139,LOW
972460.0,70,0.3333333333333333,89.0,7,0.5638736263736264,LOW
958430.0,325,0.4067796610169492,72.13559322033899,50,0.5611721611721611,MEDIUM
883942.0,2327,0.3941176470588235,183.93529411764706,128,0.5600732600732601,HIGH
930186.0,63,0.38095238095238093,53.0,16,0.5598443223443224,MEDIUM
958452.0,517,0.3559322033898305,141.64406779661016,44,0.5574175824175824,MEDIUM
947590.0,190,0.4090909090909091,56.63636363636363,44,0.5536172161172161,MEDIUM
882686.0,3931,0.37130801687763715,291.8902953586498,166,0.5532967032967033,MEDIUM
937966.0,1130,0.3564356435643564,193.1881188118812,65,0.553113553113553,HIGH
884412.0,863,0.3984375,136.09375,110,0.5511904761904761,MEDIUM
880022.0,219,0.4342105263157895,57.56578947368421,68,0.5486263736263737,MEDIUM
937780.0,1132,0.3486238532110092,242.55045871559633,70,0.5468864468864469,HIGH
891154.0,603,0.42857142857142855,81.46616541353383,133,0.5467032967032966,MEDIUM
919166.0,1230,0.2857142857142857,251.64285714285714,11,0.5447344322344322,LOW
928886.0,833,0.36792452830188677,163.71698113207546,77,0.5445970695970695,MEDIUM
895172.0,95,0.4318181818181818,40.13636363636363,37,0.5445054945054945,MEDIUM
939376.0,1479,0.3431372549019608,262.95098039215685,70,0.5425824175824175,MEDIUM
958460.0,227,0.34545454545454546,123.0909090909091,38,0.5422161172161173,MEDIUM
910532.0,214,0.3333333333333333,113.80952380952381,21,0.5410714285714285,LOW
951046.0,58,0.35714285714285715,46.785714285714285,11,0.5406135531135531,MEDIUM
928888.0,1008,0.3709677419354839,148.55645161290323,84,0.53992673992674,HIGH
937678.0,196,0.41333333333333333,56.74666666666667,60,0.5399267399267399,MEDIUM
937808.0,1067,0.336734693877551,251.69387755102042,65,0.5396520146520146,HIGH
951508.0,492,0.3625,101.3375,45,0.5382783882783883,MEDIUM
924356.0,268,0.45588235294117646,40.970588235294116,68,0.538003663003663,MEDIUM
944646.0,648,0.37037037037037035,105.04938271604938,53,0.5374084249084249,MEDIUM
891160.0,426,0.39285714285714285,95.01190476190476,84,0.5373168498168498,MEDIUM
905538.0,3843,0.3680297397769517,224.5799256505576,209,0.5366300366300366,HIGH
901880.0,4655,0.3798219584569733,166.75964391691394,216,0.535989010989011,HIGH
900492.0,276,0.4424778761061947,55.76106194690266,97,0.5357142857142857,MEDIUM
915556.0,2421,0.3523809523809524,272.85238095238094,145,0.5357142857142857,HIGH
958456.0,886,0.2894736842105263,460.5263157894737,32,0.5351648351648352,MEDIUM
932292.0,115,0.37142857142857144,57.17142857142857,31,0.5346611721611721,MEDIUM
937988.0,365,0.3424657534246575,128.2054794520548,44,0.5343406593406593,MEDIUM
919190.0,85,0.2,270.6,3,0.5342490842490842,LOW
921316.0,87,0.5121951219512195,16.585365853658537,41,0.5324175824175824,MEDIUM
948286.0,384,0.14285714285714285,145.61904761904762,0,0.5320054945054946,LOW
882688.0,82,0.2727272727272727,173.0909090909091,8,0.5318681318681319,LOW
879896.0,1131,0.390625,110.671875,105,0.5317765567765567,MEDIUM
947612.0,124,0.4,45.575,39,0.5305860805860806,MEDIUM
906406.0,2049,0.37155963302752293,163.09633027522935,166,0.5304945054945054,MEDIUM
962902.0,702,0.3269230769230769,192.30769230769232,39,0.5296703296703297,MEDIUM
940624.0,1814,0.3218390804597701,324.48275862068965,49,0.5291666666666667,MEDIUM
937774.0,316,0.30303030303030304,179.24242424242425,21,0.5282051282051282,LOW
944648.0,52,0.4642857142857143,23.142857142857142,25,0.5279304029304029,MEDIUM
937984.0,68,0.41379310344827586,29.06896551724138,19,0.5275641025641026,MEDIUM
914630.0,168,0.36538461538461536,64.9423076923077,39,0.5272893772893773,MEDIUM
894224.0,50,0.42857142857142855,21.142857142857142,8,0.5267399267399268,MEDIUM
905870.0,765,0.3333333333333333,179.55555555555554,49,0.5266025641025641,MEDIUM
899082.0,2372,0.35267857142857145,198.78125,150,0.5246336996336995,HIGH
939706.0,1680,0.2972972972972973,327.5810810810811,36,0.5228479853479854,MEDIUM
916424.0,636,0.3493975903614458,78.90361445783132,42,0.5220238095238096,MEDIUM
951186.0,101,0.3333333333333333,46.44444444444444,6,0.5219322344322345,MEDIUM
929424.0,5438,0.3237410071942446,464.33093525179856,84,0.5217948717948718,LOW
891152.0,286,0.40217391304347827,59.05434782608695,92,0.5208791208791209,MEDIUM
941384.0,758,0.3368421052631579,167.83157894736843,69,0.5207875457875457,MEDIUM
944222.0,564,0.3465346534653465,120.22772277227723,55,0.5205586080586081,MEDIUM
950672.0,54,0.375,40.666666666666664,23,0.5200091575091574,MEDIUM
937854.0,806,0.34579439252336447,137.6822429906542,72,0.5190476190476191,HIGH
905542.0,2302,0.3695652173913043,134.77826086956523,174,0.5176739926739926,MEDIUM
905566.0,957,0.41037735849056606,61.74528301886792,186,0.5146520146520147,MEDIUM
923526.0,3054,0.33816425120772947,212.39613526570048,136,0.5138278388278388,MEDIUM
921320.0,397,0.3333333333333333,131.44927536231884,47,0.513598901098901,HIGH
891416.0,966,0.44761904761904764,44.43809523809524,159,0.5134615384615384,MEDIUM
944766.0,295,0.2857142857142857,144.28571428571428,16,0.5113095238095239,LOW
901886.0,1786,0.3372093023255814,186.86046511627907,119,0.51007326007326,HIGH
925104.0,2286,0.34408602150537637,171.6451612903226,125,0.509981684981685,HIGH
937862.0,501,0.34065934065934067,118.02197802197803,61,0.5097069597069597,HIGH
936324.0,162,0.325,94.725,27,0.5097069597069597,MEDIUM
927916.0,635,0.3333333333333333,126.5072463768116,49,0.5076465201465201,MEDIUM
947818.0,52,0.35294117647058826,35.588235294117645,12,0.5070054945054945,MEDIUM
937860.0,1771,0.28888888888888886,392.75555555555553,49,0.5065934065934066,MEDIUM
913938.0,5657,0.3148148148148148,340.38271604938274,78,0.505540293040293,MEDIUM
937888.0,1233,0.3137254901960784,273.02941176470586,64,0.5052197802197802,MEDIUM
944764.0,645,0.2916666666666667,163.54166666666666,27,0.5048076923076923,LOW
919554.0,1360,0.1595744680851064,464.32978723404256,10,0.5043040293040293,MEDIUM
937868.0,345,0.34177215189873417,91.0886075949367,54,0.5036630036630036,MEDIUM
940630.0,2280,0.25,178.484375,13,0.5036172161172161,LOW
926490.0,155,0.38181818181818183,45.32727272727273,46,0.5034798534798535,MEDIUM
940588.0,2459,0.2987012987012987,111.28571428571429,18,0.5032051282051282,LOW
918436.0,905,0.2777777777777778,224.77777777777777,30,0.5028846153846154,LOW
907180.0,87,0.4117647058823529,28.91176470588235,34,0.5016025641025641,MEDIUM
944216.0,435,0.32038834951456313,122.51456310679612,39,0.4997252747252747,MEDIUM
896708.0,240,0.3055555555555556,106.08333333333333,25,0.4981684981684982,MEDIUM
890404.0,2066,0.3515625,127.0703125,169,0.497985347985348,HIGH
895774.0,131,0.36585365853658536,43.26829268292683,35,0.4976190476190476,MEDIUM
921814.0,100,0.38461538461538464,29.153846153846153,20,0.49757326007326,MEDIUM
907178.0,214,0.4057971014492754,38.57971014492754,66,0.49583333333333335,MEDIUM
917852.0,1542,0.3374233128834356,131.60122699386503,110,0.4949633699633699,HIGH
911138.0,316,0.06557377049180328,101.50819672131148,0,0.49413919413919416,LOW
940442.0,576,0.345679012345679,66.25925925925925,52,0.4934981684981685,MEDIUM
906412.0,354,0.4270833333333333,36.03125,81,0.493040293040293,MEDIUM
962268.0,151,0.30303030303030304,83.24242424242425,20,0.49249084249084246,MEDIUM
937752.0,2253,0.29357798165137616,353.9908256880734,66,0.49230769230769234,MEDIUM
937708.0,955,0.3137254901960784,208.4313725490196,68,0.49221611721611724,HIGH
924940.0,223,0.38666666666666666,46.53333333333333,69,0.4897893772893773,MEDIUM
930594.0,56,0.3448275862068966,43.37931034482759,28,0.48951465201465205,MEDIUM
898920.0,79,0.14285714285714285,199.42857142857142,5,0.4890567765567766,LOW
890402.0,1928,0.3445378151260504,121.63025210084034,163,0.48763736263736257,HIGH
932304.0,58,0.3333333333333333,45.904761904761905,19,0.4875,MEDIUM
924948.0,282,0.36363636363636365,62.05050505050505,85,0.485989010989011,MEDIUM
889754.0,1853,0.33488372093023255,128.94883720930233,139,0.48562271062271056,MEDIUM
919794.0,1348,0.0425531914893617,823.6170212765958,10,0.48479853479853485,MEDIUM
905564.0,816,0.3915094339622642,55.698113207547166,180,0.48479853479853474,MEDIUM
902532.0,1216,0.319672131147541,185.47540983606558,85,0.4847069597069597,HIGH
896428.0,259,0.32608695652173914,69.21739130434783,35,0.482967032967033,MEDIUM
918986.0,2336,0.31125827814569534,261.34437086092714,100,0.4828754578754579,MEDIUM
937760.0,1113,0.3047619047619048,183.66666666666666,64,0.4818681318681319,HIGH
939370.0,1020,0.23376623376623376,245.9090909090909,30,0.48141025641025637,MEDIUM
924946.0,56,0.3448275862068966,37.0,23,0.4809065934065934,MEDIUM
887276.0,1421,0.3494809688581315,94.04498269896193,215,0.48040293040293036,MEDIUM
921306.0,1067,0.3161764705882353,178.875,84,0.48021978021978023,HIGH
900746.0,77,0.3548387096774194,30.93548387096774,20,0.4797619047619047,MEDIUM
924954.0,140,0.36666666666666664,41.45,46,0.4796703296703297,MEDIUM
958434.0,168,0.3404255319148936,46.234042553191486,35,0.47930402930402927,MEDIUM
890406.0,1821,0.34156378600823045,109.06995884773663,159,0.4791208791208791,HIGH
911136.0,240,0.019230769230769232,91.65384615384616,0,0.4787545787545788,LOW
971102.0,78,0.0,274.0,0,0.47870879120879123,LOW
929228.0,92,0.35294117647058826,37.588235294117645,33,0.4782509157509157,MEDIUM
937604.0,63,0.4358974358974359,19.666666666666668,34,0.47811355311355314,MEDIUM
944226.0,336,0.31313131313131315,109.8989898989899,45,0.47802197802197804,MEDIUM
944218.0,451,0.3137254901960784,119.73529411764706,49,0.4774725274725275,MEDIUM
882684.0,1364,0.3333333333333333,128.01818181818183,113,0.47742673992673995,MEDIUM
937750.0,107,0.3125,55.09375,17,0.4771978021978022,MEDIUM
940432.0,322,0.30434782608695654,74.65217391304348,28,0.4762362637362637,MEDIUM
903292.0,346,0.17391304347826086,229.3913043478261,14,0.476007326007326,LOW
907502.0,263,0.03076923076923077,81.03076923076924,0,0.4757326007326007,LOW
906404.0,1272,0.33136094674556216,152.5147928994083,119,0.47445054945054943,MEDIUM
899250.0,1979,0.32644628099173556,172.06198347107437,152,0.4735347985347985,HIGH
903254.0,1845,0.3333333333333333,131.47325102880657,168,0.4731227106227106,HIGH
944220.0,561,0.3114754098360656,130.74590163934425,60,0.4718864468864469,MEDIUM
919790.0,1818,0.046511627906976744,696.5116279069767,15,0.47097069597069596,MEDIUM
892538.0,135,0.25925925925925924,106.70370370370371,20,0.4706043956043956,MEDIUM
937788.0,669,0.3076923076923077,133.71428571428572,62,0.46913919413919414,HIGH
944644.0,177,0.32075471698113206,62.075471698113205,37,0.46913919413919414,MEDIUM
905574.0,479,0.4146341463414634,32.78048780487805,119,0.46813186813186813,MEDIUM
910520.0,227,0.3392857142857143,53.232142857142854,56,0.46597985347985343,MEDIUM
937810.0,407,0.32323232323232326,92.1010101010101,63,0.46483516483516485,MEDIUM
891166.0,275,0.37623762376237624,43.99009900990099,101,0.46474358974358976,MEDIUM
913788.0,1860,0.3157894736842105,158.76315789473685,117,0.4645146520146519,HIGH
912296.0,687,0.33587786259541985,63.76335877862596,83,0.46327838827838824,MEDIUM
906408.0,370,0.27941176470588236,121.0,38,0.4613553113553114,MEDIUM
934534.0,133,0.04878048780487805,59.73170731707317,0,0.4607142857142857,LOW
903318.0,1646,0.3238095238095238,133.92380952380952,147,0.46034798534798527,MEDIUM
906410.0,265,0.2,129.66,14,0.45998168498168496,MEDIUM
923528.0,802,0.3181818181818182,114.32575757575758,82,0.4597985347985348,MEDIUM
925828.0,646,0.3302752293577982,84.85321100917432,73,0.45952380952380956,MEDIUM
901178.0,358,0.27450980392156865,65.11764705882354,18,0.45929487179487183,MEDIUM
954750.0,296,0.21951219512195122,142.5121951219512,23,0.45796703296703295,LOW
960620.0,143,0.2727272727272727,68.54545454545455,20,0.45705128205128204,MEDIUM
948182.0,627,0.2857142857142857,136.98809523809524,53,0.4562728937728937,MEDIUM
937962.0,117,0.0975609756097561,47.5609756097561,0,0.45476190476190476,LOW
932836.0,346,0.3465346534653465,51.148514851485146,89,0.4538919413919414,MEDIUM
911140.0,75,0.05555555555555555,54.583333333333336,0,0.45370879120879126,LOW
944210.0,184,0.1794871794871795,144.02564102564102,16,0.4533424908424909,LOW
901884.0,2846,0.33045977011494254,124.14367816091954,246,0.4531135531135531,MEDIUM
896536.0,208,0.02631578947368421,57.44736842105263,0,0.4521062271062271,LOW
939478.0,127,0.3333333333333333,37.24444444444445,31,0.44949633699633695,MEDIUM
910540.0,169,0.015873015873015872,56.19047619047619,0,0.4478021978021978,LOW
891158.0,305,0.3669724770642202,42.26605504587156,109,0.44761904761904764,MEDIUM
937812.0,397,0.30337078651685395,85.58426966292134,56,0.4468406593406593,MEDIUM
940438.0,489,0.3132530120481928,70.40963855421687,57,0.44487179487179485,MEDIUM
907986.0,502,0.3875,30.275,79,0.4430402930402931,MEDIUM
937762.0,327,0.3106796116504854,83.0,68,0.44285714285714284,MEDIUM
937960.0,227,0.0392156862745098,49.88235294117647,0,0.4427655677655678,LOW
912010.0,146,0.037037037037037035,49.333333333333336,0,0.44120879120879125,LOW
937980.0,236,0.25,82.11538461538461,30,0.4376831501831502,MEDIUM
909134.0,221,0.09210526315789473,100.63157894736842,6,0.43763736263736264,LOW
925826.0,708,0.3025210084033613,89.19327731092437,77,0.434981684981685,MEDIUM
905932.0,398,0.37398373983739835,32.72357723577236,96,0.43489010989010984,MEDIUM
918452.0,327,0.39215686274509803,29.666666666666668,102,0.4344322344322344,MEDIUM
959312.0,214,0.2647058823529412,55.64705882352941,20,0.43420329670329666,MEDIUM
937958.0,303,0.10714285714285714,37.767857142857146,0,0.43342490842490844,LOW
943066.0,293,0.30303030303030304,59.34848484848485,48,0.43159340659340656,MEDIUM
937864.0,109,0.23333333333333334,50.666666666666664,11,0.4294871794871795,MEDIUM
924930.0,268,0.32978723404255317,56.59574468085106,80,0.42948717948717946,MEDIUM
889410.0,1568,0.31679389312977096,85.35496183206106,176,0.4284798534798535,MEDIUM
944476.0,220,0.11428571428571428,82.82857142857142,7,0.42847985347985346,LOW
936514.0,83,0.027777777777777776,43.361111111111114,0,0.4275641025641026,LOW
890618.0,357,0.2857142857142857,71.45238095238095,50,0.4269688644688645,MEDIUM
940460.0,86,0.34375,25.84375,32,0.4248168498168498,MEDIUM
908958.0,1142,0.21153846153846154,186.37820512820514,56,0.4246336996336996,MEDIUM
937782.0,55,0.3333333333333333,27.80952380952381,26,0.42403846153846153,MEDIUM
900892.0,1381,0.3218390804597701,69.86973180076629,168,0.42293956043956044,MEDIUM
921116.0,122,0.3392857142857143,33.857142857142854,56,0.42284798534798534,MEDIUM
920732.0,295,0.2714285714285714,68.94285714285714,44,0.4228021978021978,MEDIUM
922428.0,260,0.32432432432432434,46.770270270270274,57,0.42280219780219774,MEDIUM
906394.0,616,0.34328358208955223,41.03731343283582,111,0.42216117216117216,MEDIUM
900354.0,708,0.3170731707317073,65.04878048780488,111,0.4217948717948718,MEDIUM
882680.0,109,0.06521739130434782,37.108695652173914,0,0.4214285714285715,LOW
938614.0,74,0.3076923076923077,28.5,11,0.4214285714285714,MEDIUM
888868.0,77,0.2647058823529412,46.529411764705884,19,0.4212912087912088,MEDIUM
919552.0,1309,0.09090909090909091,356.1322314049587,45,0.42092490842490843,MEDIUM
937732.0,325,0.30337078651685395,54.26966292134831,51,0.41909340659340655,MEDIUM
901350.0,111,0.0,76.72222222222223,0,0.41881868131868133,LOW
900790.0,105,0.2692307692307692,42.38461538461539,18,0.41703296703296705,MEDIUM
920902.0,80,0.125,77.625,10,0.41689560439560436,MEDIUM
887802.0,145,0.3492063492063492,28.857142857142858,55,0.4158424908424908,MEDIUM
896016.0,377,0.3836477987421384,27.754716981132077,125,0.4148351648351648,MEDIUM
956480.0,90,0.0,68.0,0,0.41332417582417585,LOW
929876.0,129,0.3283582089552239,36.343283582089555,48,0.4103479853479854,MEDIUM
924958.0,273,0.33636363636363636,36.945454545454545,92,0.41034798534798533,MEDIUM
924950.0,343,0.32231404958677684,51.553719008264466,101,0.41007326007326006,MEDIUM
920852.0,505,0.2962962962962963,57.75,65,0.4085164835164835,MEDIUM
958440.0,90,0.3333333333333333,22.904761904761905,21,0.4078296703296703,MEDIUM
912252.0,311,0.3148148148148148,49.51851851851852,79,0.4070970695970696,MEDIUM
891906.0,77,0.0,61.90909090909091,0,0.40645604395604396,LOW
890228.0,109,0.30612244897959184,39.3469387755102,43,0.40641025641025635,MEDIUM
900826.0,648,0.3,67.79444444444445,130,0.4028388278388278,MEDIUM
936110.0,168,0.0,58.8,0,0.40233516483516485,LOW
919792.0,913,0.08181818181818182,235.46363636363637,46,0.40164835164835166,LOW
911310.0,525,0.21782178217821782,74.66336633663366,40,0.39954212454212457,MEDIUM
915358.0,277,0.34782608695652173,27.44927536231884,69,0.398992673992674,MEDIUM
922474.0,322,0.3,43.8,50,0.3978937728937728,MEDIUM
910018.0,133,0.0,56.08771929824562,0,0.3973901098901099,LOW
892532.0,176,0.2692307692307692,51.333333333333336,45,0.3964285714285714,MEDIUM
955032.0,74,0.25,36.32142857142857,16,0.393452380952381,MEDIUM
895576.0,80,0.021739130434782608,30.717391304347824,0,0.39230769230769236,LOW
961770.0,82,0.0,52.35294117647059,0,0.39217032967032966,LOW
898892.0,102,0.28,42.28,40,0.391941391941392,MEDIUM
951506.0,261,0.22580645161290322,62.25806451612903,44,0.3914835164835165,MEDIUM
895574.0,99,0.02040816326530612,30.714285714285715,0,0.39143772893772893,LOW
914238.0,374,0.2564102564102564,47.35897435897436,39,0.390018315018315,LOW
893420.0,245,0.16455696202531644,64.35443037974683,26,0.3891941391941392,MEDIUM
924956.0,106,0.27450980392156865,36.490196078431374,30,0.38869047619047614,MEDIUM
958432.0,188,0.2727272727272727,44.74545454545454,44,0.3876373626373626,MEDIUM
924960.0,303,0.3333333333333333,35.197278911564624,116,0.3868589743589744,MEDIUM
904204.0,64,0.2222222222222222,44.18518518518518,23,0.385485347985348,MEDIUM
909910.0,344,0.36923076923076925,24.338461538461537,130,0.3852564102564102,MEDIUM
935348.0,363,0.3076923076923077,38.56043956043956,65,0.38379120879120876,MEDIUM
908960.0,872,0.17647058823529413,111.09411764705882,54,0.3837454212454212,MEDIUM
920982.0,61,0.0,47.375,0,0.3836538461538461,LOW
920838.0,256,0.275,47.775,55,0.3832417582417582,MEDIUM
920728.0,312,0.21518987341772153,57.43037974683544,40,0.3802197802197802,MEDIUM
906680.0,385,0.22388059701492538,78.16417910447761,70,0.37957875457875456,MEDIUM
915360.0,287,0.3493975903614458,24.06024096385542,83,0.37925824175824174,MEDIUM
920706.0,252,0.27058823529411763,46.917647058823526,53,0.37857142857142856,MEDIUM
898422.0,101,0.25925925925925924,29.85185185185185,16,0.3781135531135531,MEDIUM
905862.0,113,0.09302325581395349,29.53488372093023,1,0.37783882783882783,LOW
891988.0,944,0.2677595628415301,64.7103825136612,115,0.37710622710622715,MEDIUM
900194.0,110,0.22857142857142856,41.042857142857144,29,0.37637362637362637,MEDIUM
929884.0,59,0.14285714285714285,47.607142857142854,15,0.3745879120879121,MEDIUM
906400.0,606,0.30120481927710846,44.5722891566265,121,0.36996336996336987,MEDIUM
880020.0,54,0.3181818181818182,15.181818181818182,14,0.36804029304029307,MEDIUM
906416.0,88,0.23076923076923078,39.41025641025641,33,0.3671703296703297,MEDIUM
900352.0,558,0.2565789473684211,55.98684210526316,91,0.36565934065934064,MEDIUM
932798.0,133,0.1951219512195122,31.5609756097561,10,0.3641941391941391,MEDIUM
938612.0,211,0.19047619047619047,40.76190476190476,22,0.36378205128205127,LOW
921062.0,128,0.07317073170731707,34.0,4,0.360485347985348,LOW
896012.0,270,0.014925373134328358,24.044776119402986,0,0.35943223443223443,LOW
912722.0,607,0.33175355450236965,31.459715639810426,160,0.359065934065934,MEDIUM
920726.0,120,0.25925925925925924,30.314814814814813,31,0.35705128205128206,MEDIUM
920666.0,509,0.22608695652173913,53.65217391304348,68,0.3561355311355311,MEDIUM
891946.0,52,0.2,31.733333333333334,16,0.35604395604395606,MEDIUM
903312.0,199,0.16666666666666666,42.392857142857146,26,0.35544871794871796,MEDIUM
946582.0,77,0.28,20.96,15,0.35512820512820514,MEDIUM
924928.0,92,0.1875,43.041666666666664,31,0.35398351648351645,MEDIUM
906396.0,569,0.25735294117647056,49.6985294117647,101,0.3535714285714286,MEDIUM
920720.0,347,0.22330097087378642,50.650485436893206,64,0.35357142857142854,MEDIUM
940440.0,60,0.16666666666666666,29.083333333333332,8,0.3527930402930403,MEDIUM
890582.0,181,0.2465753424657534,30.71232876712329,29,0.3518315018315018,MEDIUM
904044.0,144,0.19117647058823528,35.205882352941174,22,0.3496336996336996,MEDIUM
907442.0,93,0.28,31.08,50,0.3476190476190476,MEDIUM
905930.0,487,0.296875,34.0078125,92,0.3467948717948718,MEDIUM
893402.0,424,0.13178294573643412,54.627906976744185,38,0.3467032967032967,MEDIUM
951492.0,196,0.234375,38.078125,49,0.34450549450549456,MEDIUM
905570.0,102,0.3111111111111111,22.822222222222223,45,0.3434065934065934,MEDIUM
900894.0,342,0.2887323943661972,34.79577464788732,96,0.3424908424908425,MEDIUM
924952.0,118,0.25,33.78333333333333,47,0.34116300366300367,MEDIUM
937956.0,902,0.14705882352941177,17.66176470588235,1,0.3395604395604396,LOW
906398.0,107,0.22033898305084745,31.576271186440678,31,0.33910256410256406,MEDIUM
936984.0,75,0.0,30.257142857142856,0,0.3375,LOW
940434.0,282,0.2537313432835821,30.34328358208955,46,0.33507326007326005,MEDIUM
900592.0,406,0.2,39.87777777777778,47,0.3323260073260073,MEDIUM
923250.0,182,0.0,109.43478260869566,23,0.3318223443223443,LOW
926184.0,74,0.13793103448275862,30.517241379310345,13,0.3315018315018315,MEDIUM
888532.0,218,0.31521739130434784,24.347826086956523,83,0.3301282051282051,MEDIUM
916618.0,175,0.16129032258064516,36.145161290322584,30,0.3295787545787545,MEDIUM
940458.0,96,0.14893617021276595,31.638297872340427,25,0.3226190476190476,MEDIUM
904038.0,729,0.22346368715083798,42.77653631284916,96,0.32252747252747255,MEDIUM
897872.0,57,0.3125,11.84375,28,0.3213369963369963,MEDIUM
958672.0,55,0.3076923076923077,11.038461538461538,26,0.32005494505494503,MEDIUM
907224.0,387,0.2929936305732484,30.044585987261147,133,0.31987179487179485,MEDIUM
918390.0,262,0.15584415584415584,53.0,77,0.31959706959706957,MEDIUM
917856.0,81,0.2857142857142857,17.542857142857144,33,0.31506410256410255,MEDIUM
940456.0,59,0.2972972972972973,11.027027027027026,22,0.3143315018315018,MEDIUM
952734.0,452,0.0,24.95,0,0.31387362637362637,LOW
887278.0,328,0.23148148148148148,34.333333333333336,82,0.31163003663003663,MEDIUM
958444.0,78,0.22727272727272727,19.727272727272727,22,0.30966117216117217,MEDIUM
895578.0,64,0.0,23.375,0,0.3070054945054945,LOW
888536.0,60,0.24242424242424243,20.848484848484848,31,0.30457875457875455,MEDIUM
896008.0,202,0.2625,27.725,80,0.30238095238095236,MEDIUM
888534.0,398,0.21830985915492956,36.401408450704224,106,0.29853479853479853,MEDIUM
907964.0,81,0.2727272727272727,14.022727272727273,30,0.29642857142857143,MEDIUM
905104.0,536,0.1625,42.725,89,0.295970695970696,MEDIUM
924546.0,131,0.1935483870967742,26.467741935483872,37,0.2956959706959707,MEDIUM
929626.0,63,0.12121212121212122,21.727272727272727,13,0.2885531135531135,MEDIUM
900788.0,224,0.19047619047619047,25.738095238095237,39,0.28850732600732604,MEDIUM
917850.0,357,0.18796992481203006,33.2406015037594,81,0.28507326007326006,MEDIUM
940430.0,103,0.06451612903225806,12.96774193548387,2,0.28296703296703296,LOW
906294.0,632,0.2459016393442623,29.0,129,0.28273809523809523,MEDIUM
944808.0,256,0.0,17.636363636363637,0,0.28255494505494505,LOW
908078.0,115,0.09433962264150944,24.245283018867923,20,0.2824175824175824,LOW
906296.0,236,0.27722772277227725,20.247524752475247,98,0.273992673992674,MEDIUM
900594.0,250,0.2111111111111111,26.555555555555557,69,0.27362637362637365,MEDIUM
891908.0,51,0.08823529411764706,13.441176470588236,6,0.266025641025641,MEDIUM
924544.0,121,0.043478260869565216,17.652173913043477,10,0.26108058608058604,LOW
901588.0,91,0.14285714285714285,19.142857142857142,28,0.260485347985348,MEDIUM
907970.0,190,0.2967032967032967,12.23076923076923,75,0.2602564102564103,MEDIUM
907440.0,197,0.24468085106382978,20.54255319148936,88,0.25677655677655675,MEDIUM
930908.0,80,0.21739130434782608,9.23913043478261,22,0.25503663003663,MEDIUM
901586.0,140,0.14754098360655737,18.721311475409838,33,0.2518315018315018,MEDIUM
907982.0,165,0.14606741573033707,23.49438202247191,50,0.24826007326007327,MEDIUM
901584.0,314,0.208955223880597,22.097014925373134,84,0.24652014652014653,MEDIUM
908082.0,51,0.06060606060606061,13.424242424242424,11,0.24203296703296703,LOW
900614.0,66,0.12195121951219512,14.658536585365853,27,0.23415750915750916,MEDIUM
907182.0,339,0.20634920634920634,19.206349206349206,88,0.2337912087912088,MEDIUM
907994.0,164,0.19540229885057472,16.632183908045977,58,0.2293040293040293,MEDIUM
907952.0,245,0.1794871794871795,16.683760683760685,81,0.21295787545787542,MEDIUM
